Bob Dylan,Beatrice Stone
Douglas Adams,Janet Adams
Serge Gainsbourg,Olia Ginsburg
Elton John,Sheila Eileen Farebrother
Renaud,Solange Mériaux/Séchan
Paul McCartney,Mary McCartney
Michael Schnitzler,Lilly Schnitzler
Keanu Reeves,Patricia Taylor
Emperor Huizong of Song,Chen Shi
Richard Strauss,Josephine Strauss
Hedy Lamarr,Gertrud Kiesler
Hugh Laurie,Patricia Laidlaw
Fred Astaire,Ann Astaire
May Irwin,Jane Draper Campbell
John Belushi,Agnes Belushi
Adam Sandler,Judy Sandler
Sam Shepard,Jane Elaine Schook
Arik Brauer,Hermine Brauer
Pat Boone,Margaret Pritchard
Eddie Fisher,Katherine Tisch
Ozzy Osbourne,Lillian Unitt
Grace Slick,Virginia Barnett
China Anne McClain,Shontell McClain
Nicole Richie,Karen Moss
Suzi Quatro,Helen Sanislay
Connie Stevens,Eleanor McGinley
Víctor Jara,Amanda Martínez
Cécile Mendelssohn Bartholdy,Elise Wilhelmine Jeanrenaud
Alanis Morissette,Georgia Feuerstein
Paul Reiser,Helen H Reiser
Mike McGear,Mary McCartney
Spike Jones,Ada Armstrong
Joan Baez,Joan Bridge
Karlheinz Stockhausen,Gertrud Stockhausen
Debbie Reynolds,Maxine Reynolds
Tom Hiddleston,Diana Patricia Servaes
Chris Martin,Alison Fleming
Maurizio Pollini,Renata Melotti
Noel Harrison,Marjorie Thomas
Cedella Booker,Albertha Malcolm
Andy Baum,Eike Baum
Gustavo Cerati,Lilian Clarke
Walter Spies,Martha Henriette Luise Spies
Robert Downey Jr.,Elsie Downey
Fergie,Theresa Ann Gore
Carrie Underwood,Carole Underwood
Jewel,Lenedra Carroll
Lauryn McClain,Shontell McClain
Harry Judd,Emma Mary Powell Williams
Jim Gordon,Osa Gordon
Donald Glover,Beverly Glover
David Newman,Martha Montgomery
Torben Ulrich,Ulla Ulrich
Arthur H,Nicole Courtois
Jean-Louis Dumas,Jacqueline Hermès
Marion Stein,Sophie Bachmann
Raya Yarbrough,Pamela Douglas
Alice Bigelow Tully,Clara Mabel Houghton
John P. Hammond,Jemison McBride
Georgia Anne Muldrow,Rickie Byars
Mickey Leigh,Charlotte Lesher
Mildred Clary,Jeanne Thomas
Sally Beamish,Ursula Snow
Colton Dixon,Teresa Dixon
Antoine Paganotti,Naoko Paganotti
Cristiano De André,Enrica Rignon
Princesse et Duchesse Pauline d'Arenberg,Louise Antoinette de Brancas-Villars
Jimmy Little,Frances Little
Ari Gold,Melissa Dilworth Gold
Andy Hobsbawm,Marlene Hobsbawm
Anne Macnaghten,Antonia Mary Booth
Beto O'Rourke,Melissa O'Rourke
Cathryn Harrison,Sara Lee Eberts
Edward Bazalgette,Ruth M. Andrews
Cassius Marcellus Clay Sr.,Edith E. Clay
Basse Wickman,Estelle Nivaro
Ernest Whitfield, 1st Baron Kenswood,Louisa Farren
Gustaf von Düben the Younger,Emerentia Standaert
Peter Bastian,Birgit Bastian
Maria Newman,Martha Montgomery
John Jeffreys,Elizabeth Darell
Vladimír Večtomov,Jarmila Vectomova
Jonas Alströmer,Christina Maria Silfverschiöld
Erik Kjellberg,Barbara Martin
Olle Moraeus,Margot Kristina Jakobsson
Georg Christoph Bach,Maria Magdalena Grabler
Kasper Winding,Vibeke Winding
Per-Erik Moraeus,Margot Kristina Jakobsson
Leopold Ross,Roxana Lampson
Farrah Abraham,Debra Danielsen
Lodewijk de Boer,Agnes Lichtveld
Pierre Sarkozy,Marie-Dominique Culioli
Tina Cole,Yvonne King
Seymour Egerton, 4th Earl of Wilton,Lady Mary Margaret Stanley
Dolly Jones,Dyer Jones
Petr Hošek,Heda Hošková
Leonard Brain,Marion Brain
Susan Gritton,Patricia Elspeth Swift
Thomas Eje,Bodil Eje
Martin T:son Engstroem,Inge Engström
André Reyes,Clementine Nésanson
Charles Knyvett,Jane Jordan
Charles Knyvett,Rose Alleway
Zoe,Roumina Straub
Frikk Heide-Steen,Gullen Øyehaug
Diego baliardo,Clementine Nésanson
Paul “Pablo” Reyes,Clementine Nésanson
Frank Straßburger,Erika Straßburger
Jonáš Ledecký,Zuzana Ledecká
Himiko Paganotti,Naoko Paganotti
Simon Whistler,Jill Furse
Nigel Davison,Rosamond Edith Lilian Leeds
Pantaleón de Zamacois y Urrutia,Juana de Urrutia y Mendiola
Mia Hesse-Bernoulli,Emilie Gengenbach
Francisco de Paula Pedro de Zamacois y Urrutia,Juana de Urrutia y Mendiola
DJ LYTMAS,Rose Owino
David Plunket Greene,Gwendolen Parry
Lisa-Kaindé Diaz,Maya Dagnino
Olivebelle Hamon,Georgia Perkins
Naomi Diaz,Maya Dagnino
Cäcilie von Eskeles,Miriam Wulff
Chelsea Tyler,Teresa Barrick
George Booth,Dorothy St. John
Patrick Newman,Gretchen Preece
Mark Gilmour,Sylvia Gilmour
David Coventry,Frances Winifred Clarke
Mare Haab,Valve Haab
Guillermo Bárcenas Iglesias,Rosalía Iglesias
Kaido Fridolin,Anna Fridolin
Poppy Corby-Tuech,Catherine Campbell
Martin Lascelles,Elizabeth Colvin
Nicholas Naylor-Leyland,Dita Naylor-Leyland
Lord Henry Taylour,Susan Vandervell
Maximillian Lascelles,Alexandra Morton
Tewa Lascelles,Lori Susan Lee
Blue Newman,Poppie Harris
Castor Hetfield,Francesca Hetfield
Wim Witteman,Johanna Cecilia Andriessen
Francis Bamberger,Lore Wagner
Cali Hetfield,Francesca Hetfield
Damian Iorio,Diana Cummings
Lady Flora Curzon,Elizabeth Curzon, Countess Howe
Armando Tavera,Susana Tavera Vargas
Lady Sophie Nevill,Venetia Nevill, Marchioness of Abergavenny
Lady Anna Curzon,Elizabeth Curzon, Countess Howe
Emily Horner,Sara Horner
Ada Bercovici,Miriam Bercovici
Alice Newman,Gretchen Preece
Ruby Wright,Lal Hitchcock
Ricardo Tavera,Susana Tavera Vargas
Becky Horner,Sara Horner
Ethan Gold,Melissa Dilworth Gold
Jordan Frye,Paula Frye
Josef Richter,Elisabeth Richter
Lydon Whibley,Ariana Cooper
Lilias Mackinnon,Theodora Thompson
Nicholas Collins,Orianne Cevey
Drake Glover,Michelle White
James Bradtl,Emily Horner
Legend Glover,Michelle White
Zooey Holland,Amber Sasse
Lucas Daniels,Kathleen Treado Daniels
Nina Kummer,Beate Düber
Zion Broadus,Jessica Kyzer
Mona Anna Clare McCann,Annie Bellew McCann
Ben Daniels,Kathleen Treado Daniels
Vladimir Pocorschi,Doina Matei
Louis Goormachtigh,Natalie Dieryck
Jared Urie,Sarah Urie
Grace Sherrington,Grace Johnson
Maude Latour,Abby Latour
Théodore de Berckheim,Élisabeth Lévisse de Montigny de Jaucourt
Anthony Silvestrini,Maria Silvestrini
Liam Bouvier,Isabelle Louis XVI
Patrick Ruymen,Frieda Pey
Leonard Podolak,Ava Kobrinsky
Miloš Pahor,Minka Pahor
Geneviève Ryan Martel,Thérèse Ryan
Casey Harris,Margaret Wakeley
Sabine Aubert,Nicole Aubert
Jonas Rocket DeLonge,Jennifer DeLonge
Sam Harris,Margaret Wakeley
Devin Scherr,Sana Yu
Krzysztof Kozber,Barbara Kozber
Mary Louise Conan Doyle,Louisa Hawkins
Diana Newman,Krystyna Newman
Peter Ury,Hedwig Ury
Xie Jinglan,Yue Bichun
Bobby Grossman,Jennifer Goldsmith
Lotta Kummer,Beate Düber
Till Kummer,Beate Düber
Benjamin Asher,Carrie Goldsmith
Makis Tsamkosoglou,Anna Tsamkosoglou
Meli G,Alma Delia Perez
Sadoc Vazkez,Beatriz Pérez Reyes
